{
  "losses": [
    1.091215958360766,
    1.005233208664128,
    0.9287599071127469,
    0.8545083090907237,
    0.7874365341467936,
    0.7196690010242774,
    0.6551895639935478,
    0.597319423175249,
    0.5423238971194283,
    0.4900305813453237
  ],
  "metrics": {
    "both": {
      "optimistic": {
        "adjusted_arithmetic_mean_rank": 0.3547767027877129,
        "adjusted_arithmetic_mean_rank_index": 0.645301489459865,
        "adjusted_geometric_mean_rank_index": 0.7743566168725987,
        "adjusted_hits_at_k": 0.010996188131132725,
        "adjusted_inverse_harmonic_mean_rank": 0.009519172225527056,
        "arithmetic_mean_rank": 2927.8853316878494,
        "count": 124786.0,
        "geometric_mean_rank": 1370.8177204083804,
        "harmonic_mean_rank": 98.64852095388991,
        "hits_at_1": 0.006875771320500697,
        "hits_at_10": 0.011595852098793134,
        "hits_at_3": 0.008029746926738577,
        "hits_at_5": 0.00906351674066001,
        "inverse_arithmetic_mean_rank": 0.00034154343039914274,
        "inverse_geometric_mean_rank": 0.0007294915911227716,
        "inverse_harmonic_mean_rank": 0.0101369994231076,
        "inverse_median_rank": 0.0005704506560182544,
        "median_absolute_deviation": 2051.921470411753,
        "median_rank": 1753.0,
        "standard_deviation": 3161.203683756519,
        "variance": 9993208.730195785,
        "z_arithmetic_mean_rank": 394.6760852933762,
        "z_geometric_mean_rank": 273.930556851056,
        "z_hits_at_k": 157.70247258818193,
        "z_inverse_harmonic_mean_rank": 337.1624884570455
      },
      "pessimistic": {
        "adjusted_arithmetic_mean_rank": 0.35477724656766557,
        "adjusted_arithmetic_mean_rank_index": 0.6453009456140135,
        "adjusted_geometric_mean_rank_index": 0.7743561031990159,
        "adjusted_hits_at_k": 0.010996188131132725,
        "adjusted_inverse_harmonic_mean_rank": 0.009519167922937284,
        "arithmetic_mean_rank": 2927.889819370763,
        "count": 124786.0,
        "geometric_mean_rank": 1370.8208387766945,
        "harmonic_mean_rank": 98.64856279857453,
        "hits_at_1": 0.006875771320500697,
        "hits_at_10": 0.011595852098793134,
        "hits_at_3": 0.008029746926738577,
        "hits_at_5": 0.00906351674066001,
        "inverse_arithmetic_mean_rank": 0.00034154290690314006,
        "inverse_geometric_mean_rank": 0.0007294899316619589,
        "inverse_harmonic_mean_rank": 0.010136995123201632,
        "inverse_median_rank": 0.0005704506560182544,
        "median_absolute_deviation": 2051.921470411753,
        "median_rank": 1753.0,
        "standard_deviation": 3161.2059487466618,
        "variance": 9993223.050391281,
        "z_arithmetic_mean_rank": 394.6757526690834,
        "z_geometric_mean_rank": 273.9303751377633,
        "z_hits_at_k": 157.70247258818193,
        "z_inverse_harmonic_mean_rank": 337.1623360622952
      },
      "realistic": {
        "adjusted_arithmetic_mean_rank": 0.3547769891920167,
        "adjusted_arithmetic_mean_rank_index": 0.6453012030208529,
        "adjusted_geometric_mean_rank_index": 0.774356411078516,
        "adjusted_hits_at_k": 0.010996188131132725,
        "adjusted_inverse_harmonic_mean_rank": 0.00951917012831981,
        "arithmetic_mean_rank": 2927.8876953125,
        "count": 124786.0,
        "geometric_mean_rank": 1370.8189697265625,
        "harmonic_mean_rank": 98.64854135020035,
        "hits_at_1": 0.006875771320500697,
        "hits_at_10": 0.011595852098793134,
        "hits_at_3": 0.008029746926738577,
        "hits_at_5": 0.00906351674066001,
        "inverse_arithmetic_mean_rank": 0.0003415431419853121,
        "inverse_geometric_mean_rank": 0.0007294909446500242,
        "inverse_harmonic_mean_rank": 0.010136997327208519,
        "inverse_median_rank": 0.0005704506766051054,
        "median_absolute_deviation": 2051.921470411753,
        "median_rank": 1753.0,
        "standard_deviation": 3161.204833984375,
        "variance": 9993216.0,
        "z_arithmetic_mean_rank": 394.67591010297326,
        "z_geometric_mean_rank": 273.93048405089337,
        "z_hits_at_k": 157.70247258818193,
        "z_inverse_harmonic_mean_rank": 337.16241417541715
      }
    },
    "head": {
      "optimistic": {
        "adjusted_arithmetic_mean_rank": 0.3698819789056064,
        "adjusted_arithmetic_mean_rank_index": 0.630194492661236,
        "adjusted_geometric_mean_rank_index": 0.7576730626834337,
        "adjusted_hits_at_k": 0.010233424982814997,
        "adjusted_inverse_harmonic_mean_rank": 0.009186179905378683,
        "arithmetic_mean_rank": 3048.1601942525604,
        "count": 62393.0,
        "geometric_mean_rank": 1469.8361172354926,
        "harmonic_mean_rank": 101.98738134112605,
        "hits_at_1": 0.006827689003574119,
        "hits_at_10": 0.010834548747455644,
        "hits_at_3": 0.007869472536983316,
        "hits_at_5": 0.008734954241661725,
        "inverse_arithmetic_mean_rank": 0.0003280667472416784,
        "inverse_geometric_mean_rank": 0.0006803479573497125,
        "inverse_harmonic_mean_rank": 0.009805134584789594,
        "inverse_median_rank": 0.0005296610169491525,
        "median_absolute_deviation": 2177.9426589847294,
        "median_rank": 1888.0,
        "standard_deviation": 3198.717254916005,
        "variance": 10231792.076897383,
        "z_arithmetic_mean_rank": 272.5185327614539,
        "z_geometric_mean_rank": 189.54334838314892,
        "z_hits_at_k": 103.69112967374251,
        "z_inverse_harmonic_mean_rank": 229.8795609296895
      },
      "pessimistic": {
        "adjusted_arithmetic_mean_rank": 0.3698825487511253,
        "adjusted_arithmetic_mean_rank_index": 0.6301939227465603,
        "adjusted_geometric_mean_rank_index": 0.757672528393045,
        "adjusted_hits_at_k": 0.010233424982814997,
        "adjusted_inverse_harmonic_mean_rank": 0.009186176089286041,
        "arithmetic_mean_rank": 3048.16489029218,
        "count": 62393.0,
        "geometric_mean_rank": 1469.8393557735963,
        "harmonic_mean_rank": 101.98742100915071,
        "hits_at_1": 0.006827689003574119,
        "hits_at_10": 0.010834548747455644,
        "hits_at_3": 0.007869472536983316,
        "hits_at_5": 0.008734954241661725,
        "inverse_arithmetic_mean_rank": 0.000328066241818088,
        "inverse_geometric_mean_rank": 0.0006803464583200567,
        "inverse_harmonic_mean_rank": 0.009805130771080839,
        "inverse_median_rank": 0.0005296610169491525,
        "median_absolute_deviation": 2177.9426589847294,
        "median_rank": 1888.0,
        "standard_deviation": 3198.719716598932,
        "variance": 10231807.825358752,
        "z_arithmetic_mean_rank": 272.5182863100599,
        "z_geometric_mean_rank": 189.54321472234682,
        "z_hits_at_k": 103.69112967374251,
        "z_inverse_harmonic_mean_rank": 229.87946543387838
      },
      "realistic": {
        "adjusted_arithmetic_mean_rank": 0.36988224092349403,
        "adjusted_arithmetic_mean_rank_index": 0.6301942306115497,
        "adjusted_geometric_mean_rank_index": 0.7576728305286895,
        "adjusted_hits_at_k": 0.010233424982814997,
        "adjusted_inverse_harmonic_mean_rank": 0.009186177954308032,
        "arithmetic_mean_rank": 3048.162353515625,
        "count": 62393.0,
        "geometric_mean_rank": 1469.8375244140625,
        "harmonic_mean_rank": 101.98740162236952,
        "hits_at_1": 0.006827689003574119,
        "hits_at_10": 0.010834548747455644,
        "hits_at_3": 0.007869472536983316,
        "hits_at_5": 0.008734954241661725,
        "inverse_arithmetic_mean_rank": 0.0003280665259808302,
        "inverse_geometric_mean_rank": 0.000680347322486341,
        "inverse_harmonic_mean_rank": 0.009805132634937763,
        "inverse_median_rank": 0.0005296610179357231,
        "median_absolute_deviation": 2177.9426589847294,
        "median_rank": 1888.0,
        "standard_deviation": 3198.71826171875,
        "variance": 10231799.0,